product_name,product_category,unit_price
Aquarium Implement,Pets,166
Camping Gadget,Activity,59.95
Movie Supplies,Entertainment,158.99
Home Improvement Widget,Home,21.95
Aquarium Rig,Pets,93.95
Aquarium Machine,Pets,47
Cat Attachment,Pets,39
Phone Instrument,Electronics,12.95
Sports Apparatus,Activity,95.99
Kitchen Component,Home,109.99
Bath Component,Beauty,198
Cat Equipment,Pets,23.99
Swimming Component,Activity,140.95
Storage Item,Home,132.99
Jewelry Mechanism,Clothing,116
Swimming Rig,Activity,33
Tire Doodad,Automotive,100.99
Game Item,Entertainment,112.95
Bedding Contraption,Home,71.95
Cooking Doodad,Home,70.99
Engine Supplies,Automotive,132.95
Game Gizmo,Entertainment,92.99
Movie Gizmo,Entertainment,157.99
Kids Accessory,Clothing,66.95
Dining Accessory,Home,25.99
Tire Thingamajig,Automotive,92.99
Cat Equipment,Pets,187
Medicine Widget,Health,60.99
Kitchen Paraphernalia,Home,133
Tire Component,Automotive,189
Hair Care Tool,Beauty,57.95
Nutrition Item,Health,131
Technology Instrument,Electronics,41.95
Fitness Accessory,Activity,125.95
Kitchen Item,Home,61.95
Gardening Component,Home,20.95
Swimming Widget,Activity,59.99
Party Supplies,Entertainment,153.99
Kids Whatchamacallit,Clothing,188
Party Tool,Entertainment,131.99
Gardening Doodad,Home,168
Bedding Mechanism,Home,108.95
Computer Supplies,Electronics,184.95
Mens Equipment,Clothing,115.99
Car Apparatus,Automotive,182.99
Storage Gadget,Home,192.95
Party Whatchamacallit,Entertainment,59.95
Camera Widget,Electronics,51.95
Hair Care Paraphernalia,Beauty,178
Kids Paraphernalia,Clothing,34.99
Hair Care Paraphernalia,Beauty,193.95
Biking Instrument,Activity,112.99
Truck Gizmo,Automotive,122.99
Car Machine,Automotive,89
Nutrition Gadget,Health,108.95
Party Device,Entertainment,38
Swimming Gear,Activity,111.95
Camping Equipment,Activity,12.95
Storage Widget,Home,38.99
Camera Machine,Electronics,86
Gardening Component,Home,75.99
Hair Care Rig,Beauty,63
Toy Rig,Entertainment,159.95
Book Gear,Entertainment,33
Vitamin Instrument,Health,114
Medicine Whatchamacallit,Health,118.99
Cat Accessory,Pets,199.95
Biking Whatchamacallit,Activity,193
Outdoors Implement,Activity,45.99
Fitness Rig,Activity,171
Aquarium Device,Pets,45.99
Jewelry Paraphernalia,Clothing,85.95
Car Gadget,Automotive,80
Swimming Accessory,Activity,197
Sports Instrument,Activity,65.95
Storage Contraption,Home,43.99
Swimming Implement,Activity,66.99
Phone Item,Electronics,182
Makeup Supplies,Beauty,45.99
Personal Doodad,Beauty,132.95
Cleaning Machine,Home,141.95
Sports Gear,Activity,110
Home Improvement Equipment,Home,88.99
Movie Widget,Entertainment,84
Dog Implement,Pets,118
Bath Rig,Beauty,157.99
Jewelry Attachment,Clothing,54.95
Cooking Instrument,Home,153.99
Car Instrument,Automotive,85
Game Machine,Entertainment,76.99
Engine Gadget,Automotive,176.99
Book Rig,Entertainment,97
Aquarium Instrument,Pets,35.95
Home Improvement Thingamajig,Home,141
Movie Device,Entertainment,12
Sports Whatchamacallit,Activity,23.95
Biking Instrument,Activity,79.99
Nutrition Machine,Health,77
Gardening Instrument,Home,109.99
Book Apparatus,Entertainment,163.99
Kitchen Machine,Home,75.95
Personal Implement,Beauty,86
Tire Thingamajig,Automotive,175.99
Skin Care Supplies,Beauty,101.99
Swimming Implement,Activity,42.95
Truck Widget,Automotive,191
Fitness Tool,Activity,69.95
Personal Machine,Beauty,183.99
Tire Implement,Automotive,65.95
Cat Gadget,Pets,87.95
Hair Care Machine,Beauty,133
Nutrition Mechanism,Health,71.99
Mens Gadget,Clothing,173.99
Nutrition Tool,Health,142
Cleaning Widget,Home,154.99
Beach Implement,Activity,32.95
Vitamin Supplies,Health,19.99
Dog Rig,Pets,112
Movie Attachment,Entertainment,37
Skin Care Mechanism,Beauty,199
Bath Thingamajig,Beauty,34.95
Tire Gear,Automotive,98.95
Sports Paraphernalia,Activity,120.99
Fitness Widget,Activity,13.99
Music Tool,Entertainment,95.95
Womens Whatchamacallit,Clothing,171.99
Toy Thingamajig,Entertainment,143.99
Party Gadget,Entertainment,190.99
Beach Implement,Activity,123.99
Music Thingamajig,Entertainment,24.95
Game Apparatus,Entertainment,62.99
Mens Gadget,Clothing,12.95
Aquarium Tool,Pets,122.99
Swimming Implement,Activity,76.95
Makeup Gear,Beauty,70
Swimming Attachment,Activity,161.99
Dining Machine,Home,86
Sports Mechanism,Activity,152.95
Fitness Instrument,Activity,57.99
Camera Mechanism,Electronics,72.95
Kids Whatchamacallit,Clothing,190.95
Jewelry Doodad,Clothing,103
Beach Tool,Activity,199.99
Tire Instrument,Automotive,183
Womens Instrument,Clothing,175
Game Tool,Entertainment,184
Camping Device,Activity,193.95
Vitamin Accessory,Health,21.99
Jewelry Accessory,Clothing,52
Car Whatchamacallit,Automotive,185
Cooking Paraphernalia,Home,17.95
Makeup Supplies,Beauty,142.99
Camping Supplies,Activity,187.99
Biking Tool,Activity,181
Dining Item,Home,26.99
Jewelry Tool,Clothing,43.95
Toy Doodad,Entertainment,77
Dining Doodad,Home,67
Camera Contraption,Electronics,59.99
Book Rig,Entertainment,30.99
Cooking Kit,Home,139
Fitness Doodad,Activity,66.99
Beach Machine,Activity,143
Game Component,Entertainment,198
Vitamin Machine,Health,179.95
Engine Tool,Automotive,188.99
Dining Gadget,Home,187
Aquarium Implement,Pets,168.95
Sports Widget,Activity,77.99
Computer Accessory,Electronics,158
Jewelry Equipment,Clothing,138
Car Item,Automotive,190.99
Bedding Gear,Home,154
Vitamin Component,Health,68
Camping Accessory,Activity,154.95
Computer Doodad,Electronics,106.99
Aquarium Equipment,Pets,41.95
Dog Whatchamacallit,Pets,123.99
Baby Component,Clothing,135.95
Outdoors Component,Activity,61
Technology Accessory,Electronics,21.99
Jewelry Thingamajig,Clothing,106
Book Mechanism,Entertainment,77.99
Cooking Machine,Home,31.95
Outdoors Equipment,Activity,48.95
Home Improvement Thingamajig,Home,97
Phone Item,Electronics,139.99
Gardening Apparatus,Home,138.99
Car Gear,Automotive,109
Cooking Paraphernalia,Home,175
Hair Care Mechanism,Beauty,45.95
Toy Item,Entertainment,26.99
Furniture Item,Home,38
Kids Kit,Clothing,153.95
Cleaning Contraption,Home,155
Fitness Machine,Activity,92
Dog Mechanism,Pets,92.95
Technology Thingamajig,Electronics,45
First Aid Accessory,Health,131
Kitchen Paraphernalia,Home,83.95
Aquarium Doodad,Pets,129.99
Beach Paraphernalia,Activity,60.95
Mens Accessory,Clothing,111.95
Nutrition Tool,Health,120.99
Baby Gadget,Clothing,145
Toy Machine,Entertainment,104.99
Bedding Gear,Home,91.95
Baby Implement,Clothing,122
Womens Machine,Clothing,84.99
First Aid Gear,Health,196.95
Tire Mechanism,Automotive,53
Movie Attachment,Entertainment,121
Camping Accessory,Activity,113
Medicine Accessory,Health,100.95
Nutrition Mechanism,Health,16.99
Makeup Supplies,Beauty,75.99
Technology Attachment,Electronics,154.99
Storage Kit,Home,76
Storage Gadget,Home,176
Hair Care Device,Beauty,73
Biking Whatchamacallit,Activity,119.99
Toy Rig,Entertainment,146.95
Kids Rig,Clothing,92
Kitchen Thingamajig,Home,118.95
Baby Doodad,Clothing,151
Bedding Contraption,Home,30
Technology Paraphernalia,Electronics,18.95
Bath Tool,Beauty,102
Gardening Doodad,Home,107.95
Home Improvement Rig,Home,82
Vitamin Instrument,Health,86
Tire Instrument,Automotive,48.95
Bath Attachment,Beauty,81.99
Kids Widget,Clothing,164.99
Toy Widget,Entertainment,198.95
Womens Doodad,Clothing,81.99
Fitness Kit,Activity,159.99
Makeup Widget,Beauty,44
Hair Care Gadget,Beauty,38
Camera Apparatus,Electronics,82
Engine Gadget,Automotive,156.95
Music Contraption,Entertainment,17.95
Hair Care Supplies,Beauty,194.95
Party Item,Entertainment,142.95
Skin Care Rig,Beauty,142
Biking Item,Activity,179
Bedding Contraption,Home,138.95
Dog Contraption,Pets,12
Bedding Contraption,Home,77.99
Tire Kit,Automotive,89.95
Sports Supplies,Activity,71.95
Toy Apparatus,Entertainment,129.95
Toy Contraption,Entertainment,107.95
Truck Supplies,Automotive,194.95
Technology Supplies,Electronics,11.99
Beach Kit,Activity,76.95
Hair Care Thingamajig,Beauty,71
Storage Item,Home,132.95
Movie Attachment,Entertainment,86
Gardening Equipment,Home,182.99
Cat Doodad,Pets,149.95
Book Thingamajig,Entertainment,182.99
Personal Accessory,Beauty,176.95
Camping Tool,Activity,88
Aquarium Attachment,Pets,90.95
Camping Tool,Activity,92.99
Vitamin Gadget,Health,135
Camping Paraphernalia,Activity,166.95
Toy Gadget,Entertainment,146.95
Movie Instrument,Entertainment,188.95
Movie Widget,Entertainment,51.99
Gardening Machine,Home,16
Camera Mechanism,Electronics,175.95
Biking Accessory,Activity,69.95
Sports Attachment,Activity,78.95
Kids Supplies,Clothing,107.95
Movie Tool,Entertainment,131.99
Toy Supplies,Entertainment,88
Dog Mechanism,Pets,92
Kitchen Widget,Home,140.95
Bath Tool,Beauty,116.99
Womens Kit,Clothing,126.95
Outdoors Contraption,Activity,100
Furniture Apparatus,Home,82
Swimming Rig,Activity,137
Beach Equipment,Activity,176.99
Kids Widget,Clothing,145.99
Bedding Doodad,Home,148.95
Skin Care Supplies,Beauty,157.95
Technology Apparatus,Electronics,183
Medicine Kit,Health,40.95
Dining Paraphernalia,Home,185.99
Engine Thingamajig,Automotive,148.99
Technology Tool,Electronics,176
Home Improvement Gizmo,Home,19
First Aid Gizmo,Health,129
Tire Implement,Automotive,124.95
Book Mechanism,Entertainment,132
Party Implement,Entertainment,95.99
Technology Equipment,Electronics,172.95
Fitness Component,Activity,61.99
Vitamin Mechanism,Health,118.95
Dining Gadget,Home,35.99
First Aid Item,Health,109
Technology Attachment,Electronics,83
Sports Accessory,Activity,33.99
Skin Care Widget,Beauty,167.99
Makeup Accessory,Beauty,32.99
Mens Widget,Clothing,21.95
Aquarium Component,Pets,48
Sports Gizmo,Activity,64.95
Cat Apparatus,Pets,29.95
Gardening Gizmo,Home,90
Personal Equipment,Beauty,145
Outdoors Equipment,Activity,75
Kids Machine,Clothing,148.95
Cleaning Accessory,Home,142.95
Party Gear,Entertainment,53.99
Outdoors Kit,Activity,166.99
Game Supplies,Entertainment,123.95
Cleaning Instrument,Home,184
Home Improvement Paraphernalia,Home,27.95
Game Gizmo,Entertainment,110.99
Dog Component,Pets,154.95
Beach Gadget,Activity,46.95
Swimming Device,Activity,139.95
Vitamin Paraphernalia,Health,68.95
Swimming Widget,Activity,140
Medicine Paraphernalia,Health,156
Camera Thingamajig,Electronics,46
Personal Doodad,Beauty,189.99
Music Apparatus,Entertainment,95.95
Tire Thingamajig,Automotive,159.95
Furniture Item,Home,193
Makeup Implement,Beauty,57.95
Book Doodad,Entertainment,51.99
Nutrition Widget,Health,122
Dog Tool,Pets,152.99
Baby Gizmo,Clothing,40.99
Biking Rig,Activity,155.99
Personal Kit,Beauty,133.99
Personal Attachment,Beauty,109
Book Attachment,Entertainment,149.99
Camping Apparatus,Activity,24.99
Car Contraption,Automotive,23.99
Jewelry Whatchamacallit,Clothing,177.99
Furniture Device,Home,156
Cleaning Kit,Home,144
Camera Gadget,Electronics,130
Game Gizmo,Entertainment,37.95
Music Mechanism,Entertainment,144.99
Party Whatchamacallit,Entertainment,139.95
Skin Care Mechanism,Beauty,51
Jewelry Accessory,Clothing,176.95
Womens Attachment,Clothing,53.95
Dog Component,Pets,57
Fitness Supplies,Activity,176.99
Party Gear,Entertainment,114.99
Toy Instrument,Entertainment,17.95
Dining Tool,Home,121
Party Component,Entertainment,83.95
First Aid Mechanism,Health,127
Phone Thingamajig,Electronics,199.99
Music Paraphernalia,Entertainment,81.95
First Aid Attachment,Health,45
Baby Instrument,Clothing,10
Dining Tool,Home,138.95
Hair Care Apparatus,Beauty,160
Makeup Machine,Beauty,83.99
Medicine Gear,Health,45.95
Skin Care Supplies,Beauty,118.99
Cat Paraphernalia,Pets,158.99
Biking Thingamajig,Activity,158.95
Medicine Mechanism,Health,83.95
Tire Doodad,Automotive,155
Medicine Whatchamacallit,Health,95.95
Outdoors Mechanism,Activity,65
Bedding Instrument,Home,79.99
Medicine Whatchamacallit,Health,121.99
Hair Care Paraphernalia,Beauty,103.99
Medicine Implement,Health,159
Biking Item,Activity,134.99
Makeup Contraption,Beauty,151.99
Vitamin Machine,Health,64.95
Skin Care Contraption,Beauty,127.99
Computer Thingamajig,Electronics,14
Camping Whatchamacallit,Activity,11.99
Jewelry Doodad,Clothing,179.95
Personal Instrument,Beauty,126.95
Skin Care Component,Beauty,40
Book Gear,Entertainment,186
Game Kit,Entertainment,18
Furniture Apparatus,Home,130.99
Tire Contraption,Automotive,135.95
Vitamin Whatchamacallit,Health,39.99
Hair Care Implement,Beauty,158
Womens Contraption,Clothing,142.99
Toy Rig,Entertainment,81
Skin Care Device,Beauty,166
Swimming Widget,Activity,184.99
Biking Tool,Activity,77.95
Computer Rig,Electronics,80
Mens Whatchamacallit,Clothing,17
Outdoors Apparatus,Activity,149.95
Technology Device,Electronics,182.95
Sports Machine,Activity,55
Baby Gizmo,Clothing,15
Computer Paraphernalia,Electronics,117
Party Device,Entertainment,68
Computer Instrument,Electronics,42.95
Party Kit,Entertainment,133
Skin Care Kit,Beauty,121
Skin Care Paraphernalia,Beauty,42.99
Skin Care Implement,Beauty,42.95
Phone Gadget,Electronics,93
Camping Equipment,Activity,147.99
Nutrition Item,Health,71
Jewelry Doodad,Clothing,33.95
Movie Rig,Entertainment,159.99
Personal Equipment,Beauty,53
First Aid Accessory,Health,29
Toy Attachment,Entertainment,92.95
Hair Care Kit,Beauty,123
Gardening Attachment,Home,196.95
Aquarium Apparatus,Pets,18.95
Sports Component,Activity,12
Swimming Doodad,Activity,80.99
Technology Gadget,Electronics,130
Fitness Device,Activity,164.95
Tire Apparatus,Automotive,192.95
Skin Care Whatchamacallit,Beauty,66.95
Aquarium Whatchamacallit,Pets,68
Home Improvement Paraphernalia,Home,22.99
Tire Whatchamacallit,Automotive,52.99
Camping Item,Activity,198.99
Makeup Doodad,Beauty,78
Cleaning Whatchamacallit,Home,177.95
Technology Whatchamacallit,Electronics,21.99
Aquarium Thingamajig,Pets,81.99
Cooking Thingamajig,Home,33.95
Gardening Whatchamacallit,Home,25
Computer Gear,Electronics,182.99
Nutrition Machine,Health,177
Dining Equipment,Home,122.99
Outdoors Supplies,Activity,31
Tire Gizmo,Automotive,193.95
Storage Rig,Home,81.99
Personal Implement,Beauty,49.95
Jewelry Tool,Clothing,115.99
Book Paraphernalia,Entertainment,19.99
Bedding Attachment,Home,46.99
Furniture Gizmo,Home,112
Bath Item,Beauty,118.95
Tire Instrument,Automotive,153.99
Baby Item,Clothing,68
Party Attachment,Entertainment,150.95
Kitchen Contraption,Home,171.99
Personal Gizmo,Beauty,180
Womens Apparatus,Clothing,67
Outdoors Component,Activity,91.95
Car Instrument,Automotive,170
Gardening Tool,Home,80.99
Camera Component,Electronics,76
Engine Paraphernalia,Automotive,63
Dining Apparatus,Home,181.95
Car Attachment,Automotive,189.99
Vitamin Widget,Health,66.99
Dining Widget,Home,146.99
Gardening Whatchamacallit,Home,61.95
First Aid Apparatus,Health,153.95
Home Improvement Component,Home,162.95
Kitchen Equipment,Home,109.95
Music Thingamajig,Entertainment,82
Dog Supplies,Pets,74.99
Fitness Component,Activity,15.95
Party Tool,Entertainment,101.99
Outdoors Paraphernalia,Activity,109
Cooking Widget,Home,68.99
Makeup Supplies,Beauty,189.99
Womens Equipment,Clothing,170.99
Phone Thingamajig,Electronics,25
Computer Item,Electronics,66.95
Makeup Doodad,Beauty,71
Aquarium Paraphernalia,Pets,62.99
Furniture Apparatus,Home,113
Dining Accessory,Home,116
Game Widget,Entertainment,12.95
Tire Whatchamacallit,Automotive,86
Technology Component,Electronics,82.99
Movie Item,Entertainment,11.95
Movie Gear,Entertainment,90
Baby Widget,Clothing,43
Music Doodad,Entertainment,119.99
Technology Paraphernalia,Electronics,167.95
Bath Equipment,Beauty,142.99
Swimming Tool,Activity,123.95
Jewelry Accessory,Clothing,100.95
Jewelry Kit,Clothing,148
Car Widget,Automotive,169.99
Camera Rig,Electronics,38.99
Hair Care Gadget,Beauty,180.95
Cleaning Gear,Home,122
Furniture Gadget,Home,181
Personal Item,Beauty,23
Home Improvement Apparatus,Home,154.99
Computer Gear,Electronics,150.99
Dining Rig,Home,188.99
Nutrition Attachment,Health,108.99
Game Supplies,Entertainment,177.95
Cat Gizmo,Pets,33.99
Womens Paraphernalia,Clothing,81
Baby Contraption,Clothing,54
Computer Widget,Electronics,46
Nutrition Contraption,Health,134.95
Swimming Thingamajig,Activity,30.99
Tire Thingamajig,Automotive,130.99
Outdoors Gadget,Activity,141.95
Swimming Attachment,Activity,13.99
Camera Supplies,Electronics,144.95
Vitamin Item,Health,132.99
Baby Mechanism,Clothing,115
Personal Equipment,Beauty,16.95
Furniture Thingamajig,Home,165.95
Vitamin Attachment,Health,39.95
Biking Contraption,Activity,164
Engine Gear,Automotive,36.95
Tire Equipment,Automotive,86
Kids Paraphernalia,Clothing,126
Womens Device,Clothing,160.99
Tire Tool,Automotive,70
Hair Care Device,Beauty,110.95
Medicine Thingamajig,Health,37
Womens Paraphernalia,Clothing,123
Camera Contraption,Electronics,140.99
Technology Doodad,Electronics,112
Engine Gear,Automotive,101
Toy Apparatus,Entertainment,13.99
Fitness Rig,Activity,120.95
Party Whatchamacallit,Entertainment,99.99
Cooking Rig,Home,130.99
Phone Gizmo,Electronics,23.95
Outdoors Gizmo,Activity,18.95
Beach Item,Activity,25
Camera Doodad,Electronics,37
Vitamin Thingamajig,Health,188.95
Toy Device,Entertainment,186
Game Rig,Entertainment,102
Cat Gizmo,Pets,94.99
Technology Kit,Electronics,175.95
Biking Contraption,Activity,24.99
Personal Equipment,Beauty,43.99
Medicine Contraption,Health,51
First Aid Item,Health,126
Kids Rig,Clothing,198
Game Implement,Entertainment,151.99
Cooking Device,Home,128.99
Bath Machine,Beauty,138
Beach Equipment,Activity,24.95
Beach Gadget,Activity,184.95
Car Whatchamacallit,Automotive,199.99
Kids Paraphernalia,Clothing,131.99
Outdoors Instrument,Activity,97.99
Car Device,Automotive,16.95
Vitamin Apparatus,Health,132.95
Cat Implement,Pets,192.95
Cleaning Mechanism,Home,74
Cat Gizmo,Pets,173
Hair Care Supplies,Beauty,18
Truck Rig,Automotive,156.99
Camping Gizmo,Activity,53.99
Camping Gear,Activity,121.95
Personal Gadget,Beauty,164.95
Dining Gizmo,Home,123.99
Engine Supplies,Automotive,114
Phone Implement,Electronics,149
Storage Kit,Home,163
Kitchen Contraption,Home,128
Music Implement,Entertainment,68.99
Home Improvement Gizmo,Home,123.99
Music Widget,Entertainment,75.99
Cleaning Implement,Home,72.99
Storage Implement,Home,155
Music Gizmo,Entertainment,168
Fitness Gizmo,Activity,15.99
Beach Paraphernalia,Activity,29.99
Technology Widget,Electronics,41.99
Outdoors Contraption,Activity,96
Truck Component,Automotive,151
Baby Gear,Clothing,154.95
Furniture Kit,Home,13.99
Sports Thingamajig,Activity,118
Swimming Instrument,Activity,192.95
Swimming Kit,Activity,79.99
Camping Gizmo,Activity,15.99
Party Device,Entertainment,134.99
Kitchen Equipment,Home,122.99
Hair Care Contraption,Beauty,68.95
Camera Item,Electronics,165.95
Vitamin Doodad,Health,101.95
Music Contraption,Entertainment,54.99
Home Improvement Accessory,Home,183.95
Nutrition Gear,Health,182.99
Baby Tool,Clothing,73.95
Beach Mechanism,Activity,81.95
Vitamin Component,Health,25
Cleaning Mechanism,Home,197
Medicine Apparatus,Health,155.99
Baby Gizmo,Clothing,79
Cat Contraption,Pets,198.95
Mens Kit,Clothing,145
Gardening Gizmo,Home,54.95
Outdoors Paraphernalia,Activity,142.99
Technology Doodad,Electronics,108.99
Camera Thingamajig,Electronics,130
Dining Tool,Home,163.95
Technology Gear,Electronics,73
Medicine Rig,Health,193.99
Cleaning Contraption,Home,67.95
Bath Instrument,Beauty,28.95
Party Gizmo,Entertainment,171.95
Truck Rig,Automotive,191
Camera Gear,Electronics,67.99
Technology Item,Electronics,190
Tire Paraphernalia,Automotive,122.95
Toy Item,Entertainment,156
Medicine Equipment,Health,103.99
Mens Component,Clothing,52.95
Makeup Instrument,Beauty,102
Bedding Widget,Home,41.99
Car Widget,Automotive,15.95
Phone Gadget,Electronics,88
Cat Item,Pets,69
Baby Doodad,Clothing,154
Storage Paraphernalia,Home,102
Toy Item,Entertainment,182
Cleaning Mechanism,Home,11.99
Aquarium Supplies,Pets,118.99
Camping Item,Activity,27.95
Kitchen Gadget,Home,148.99
Skin Care Gizmo,Beauty,48.95
Skin Care Device,Beauty,108.95
Movie Item,Entertainment,74.95
Nutrition Accessory,Health,159
Cooking Machine,Home,17.95
Swimming Implement,Activity,173.99
Gardening Thingamajig,Home,107
Cat Mechanism,Pets,157.99
Movie Item,Entertainment,13.99
Aquarium Attachment,Pets,161.99
Storage Supplies,Home,165.99
Movie Rig,Entertainment,130.95
Technology Widget,Electronics,141
Gardening Widget,Home,189.95
Furniture Whatchamacallit,Home,51.95
Cleaning Machine,Home,100.95
Phone Rig,Electronics,106.95
Home Improvement Machine,Home,120.95
Makeup Apparatus,Beauty,177.95
Tire Equipment,Automotive,52.95
Car Doodad,Automotive,167.99
Kids Widget,Clothing,47.99
Music Item,Entertainment,82.99
Kids Component,Clothing,11.99
Cooking Whatchamacallit,Home,99.95
Dog Component,Pets,156.95
Dining Rig,Home,139.99
Movie Gadget,Entertainment,63.95
Outdoors Gizmo,Activity,139
Party Gear,Entertainment,84.99
Bath Kit,Beauty,76.95
Computer Kit,Electronics,84
Cat Tool,Pets,98.95
Toy Apparatus,Entertainment,96
Jewelry Machine,Clothing,174
Storage Supplies,Home,23.95
Phone Supplies,Electronics,33
Party Instrument,Entertainment,109.95
Dog Thingamajig,Pets,99.95
Cleaning Tool,Home,130
Jewelry Machine,Clothing,90.99
Makeup Component,Beauty,143
Cat Attachment,Pets,64
Biking Mechanism,Activity,118.95
Camera Contraption,Electronics,138.95
Computer Machine,Electronics,112
Skin Care Gadget,Beauty,107.95
Furniture Gizmo,Home,83
Swimming Doodad,Activity,152.95
Makeup Supplies,Beauty,101.95
Dog Device,Pets,22.95
Dining Rig,Home,69.99
Womens Implement,Clothing,73.95
Toy Widget,Entertainment,81
Furniture Whatchamacallit,Home,87.99
Camping Widget,Activity,49.95
Nutrition Thingamajig,Health,189.95
Dining Instrument,Home,66.99
Baby Widget,Clothing,151.95
Dining Item,Home,34.99
Party Attachment,Entertainment,105
Home Improvement Gear,Home,181.99
Book Contraption,Entertainment,97
Skin Care Apparatus,Beauty,22.95
Technology Gizmo,Electronics,89
Medicine Rig,Health,103.99
Skin Care Kit,Beauty,36.95
Storage Apparatus,Home,180.99
Kids Item,Clothing,19.99
First Aid Tool,Health,182
Tire Paraphernalia,Automotive,120.95
Fitness Attachment,Activity,130.99
Kids Whatchamacallit,Clothing,47.99
Hair Care Gizmo,Beauty,101.99
Book Gizmo,Entertainment,96
Personal Component,Beauty,61
Cleaning Device,Home,149.99
Womens Instrument,Clothing,18.99
Dog Supplies,Pets,154.99
Movie Supplies,Entertainment,62.95
Truck Accessory,Automotive,126.95
Gardening Equipment,Home,44.95
Hair Care Attachment,Beauty,82
Bedding Apparatus,Home,66.95
Camera Machine,Electronics,80.95
Tire Supplies,Automotive,136
Storage Instrument,Home,106.99
Phone Whatchamacallit,Electronics,82
Fitness Mechanism,Activity,190
Party Apparatus,Entertainment,82.95
Dining Paraphernalia,Home,40.99
First Aid Item,Health,160.95
Vitamin Item,Health,35.99
Technology Contraption,Electronics,36.99
Beach Equipment,Activity,103.99
Gardening Contraption,Home,25.95
Dog Widget,Pets,50.95
Hair Care Paraphernalia,Beauty,190.95
Party Gear,Entertainment,114.95
Dog Widget,Pets,174.95
Dining Paraphernalia,Home,187.95
Medicine Rig,Health,189.99
Mens Item,Clothing,77.99
Party Kit,Entertainment,141
Personal Machine,Beauty,15.95
Fitness Mechanism,Activity,43
Camping Thingamajig,Activity,17.95
Kitchen Kit,Home,86.95
Mens Attachment,Clothing,144.95
Jewelry Machine,Clothing,126.95
Cat Widget,Pets,140.99
Party Attachment,Entertainment,189.99
Car Thingamajig,Automotive,61.95
Outdoors Whatchamacallit,Activity,108.95
Cat Device,Pets,197.99
Computer Gear,Electronics,38
First Aid Mechanism,Health,112.99
Game Equipment,Entertainment,101
Outdoors Machine,Activity,178
First Aid Attachment,Health,183.95
Car Doodad,Automotive,50.99
Mens Device,Clothing,128.95
Vitamin Accessory,Health,160.99
Phone Item,Electronics,150
Tire Thingamajig,Automotive,157.99
Mens Component,Clothing,43.95
Mens Rig,Clothing,37.95
Movie Gizmo,Entertainment,165.99
Dining Item,Home,85.99
Music Gadget,Entertainment,16.95
Technology Item,Electronics,35.95
Phone Implement,Electronics,93.99
Technology Contraption,Electronics,35.95
Mens Supplies,Clothing,136.99
Storage Instrument,Home,150.99
Book Rig,Entertainment,173
Cat Paraphernalia,Pets,53.95
Sports Device,Activity,142
Technology Doodad,Electronics,25.99
Cat Equipment,Pets,161.95
Vitamin Kit,Health,52.99
Toy Gadget,Entertainment,81
Book Machine,Entertainment,181.99
Hair Care Machine,Beauty,25.95
Dining Rig,Home,159
Cooking Paraphernalia,Home,122.99
First Aid Whatchamacallit,Health,129
Dog Gadget,Pets,177
Baby Attachment,Clothing,189.95
Aquarium Item,Pets,153
Nutrition Equipment,Health,108.95
Womens Component,Clothing,70.95
Biking Contraption,Activity,80
Home Improvement Instrument,Home,88.99
Cat Widget,Pets,108.95
Outdoors Whatchamacallit,Activity,99.99
Computer Gadget,Electronics,62
Camera Accessory,Electronics,139.99
Makeup Rig,Beauty,78.99
Outdoors Paraphernalia,Activity,145.99
Baby Doodad,Clothing,60.95
Camping Kit,Activity,153.99
Hair Care Contraption,Beauty,194
Sports Paraphernalia,Activity,79.99
Home Improvement Rig,Home,28
Makeup Doodad,Beauty,83.95
Gardening Rig,Home,36.95
Swimming Accessory,Activity,157.99
Truck Attachment,Automotive,177.95
Mens Item,Clothing,172.95
Outdoors Item,Activity,89.99
Kids Apparatus,Clothing,158
Home Improvement Gizmo,Home,188.95
Vitamin Whatchamacallit,Health,105
Home Improvement Kit,Home,135.99
Music Machine,Entertainment,65.99
Cleaning Apparatus,Home,140.99
Bath Doodad,Beauty,171
Aquarium Apparatus,Pets,171.99
Fitness Machine,Activity,197.99
Jewelry Rig,Clothing,124
Movie Equipment,Entertainment,87
Tire Supplies,Automotive,121.95
Technology Gizmo,Electronics,146.99
Aquarium Accessory,Pets,173
Skin Care Instrument,Beauty,155.99
Party Accessory,Entertainment,195.99
Toy Device,Entertainment,67.99
Fitness Gizmo,Activity,186.95
Truck Rig,Automotive,44
Book Component,Entertainment,95.95
Truck Gear,Automotive,25
Hair Care Doodad,Beauty,175
Jewelry Instrument,Clothing,184.99
Medicine Mechanism,Health,137
Music Machine,Entertainment,127.95
Movie Item,Entertainment,142.99
Car Accessory,Automotive,171.99
Bath Whatchamacallit,Beauty,188.95
Cleaning Contraption,Home,164
Biking Tool,Activity,19.99
Beach Attachment,Activity,87.99
Tire Whatchamacallit,Automotive,193.95
Outdoors Gizmo,Activity,42
Cleaning Supplies,Home,41.95
Toy Paraphernalia,Entertainment,182.99
Womens Instrument,Clothing,163.95
Phone Doodad,Electronics,52.95
Baby Gizmo,Clothing,126.95
Furniture Implement,Home,80.99
Fitness Widget,Activity,47.95
Sports Gadget,Activity,30
Camping Component,Activity,48.99
Camping Tool,Activity,109.95
Gardening Accessory,Home,54
Jewelry Implement,Clothing,186.95
Sports Accessory,Activity,29.99
Nutrition Machine,Health,49.99
Gardening Gear,Home,54.99
Camping Contraption,Activity,30.99
Outdoors Item,Activity,153.95
Cooking Gear,Home,164
Sports Machine,Activity,165.95
Fitness Device,Activity,104
Biking Attachment,Activity,165.99
Sports Machine,Activity,33.95
Camera Machine,Electronics,93
Furniture Whatchamacallit,Home,87
Kitchen Tool,Home,66.99
Swimming Contraption,Activity,119.99
Hair Care Rig,Beauty,41.99
Bath Item,Beauty,102.99
Gardening Gear,Home,113.95
Engine Device,Automotive,93
Car Contraption,Automotive,167
Biking Component,Activity,41.95
Cooking Accessory,Home,101.95
Biking Gizmo,Activity,186.95
Womens Implement,Clothing,119.95
Dog Whatchamacallit,Pets,179
Tire Device,Automotive,120
Dining Implement,Home,155.95
Skin Care Item,Beauty,138
Music Widget,Entertainment,182.99
Game Rig,Entertainment,180
Computer Rig,Electronics,77.95
Outdoors Component,Activity,64
Kitchen Instrument,Home,167.95
Furniture Kit,Home,144
First Aid Rig,Health,83.95
Nutrition Tool,Health,105
Camera Device,Electronics,137.95
Bedding Contraption,Home,45.99
Mens Contraption,Clothing,109.95
Dining Instrument,Home,33
Toy Apparatus,Entertainment,127
Skin Care Gear,Beauty,34
Beach Device,Activity,67
First Aid Widget,Health,180.95
Womens Equipment,Clothing,155.99
Music Component,Entertainment,36.99
Makeup Equipment,Beauty,176.99
Camping Implement,Activity,171.99
Phone Thingamajig,Electronics,165.95
Cat Gizmo,Pets,54
Swimming Instrument,Activity,96.99
Makeup Accessory,Beauty,141.99
Sports Implement,Activity,184.99
Technology Implement,Electronics,63.99
Computer Implement,Electronics,17.95
Aquarium Component,Pets,176.99
Biking Tool,Activity,196
Skin Care Rig,Beauty,20.99
Game Machine,Entertainment,154.99
Engine Device,Automotive,143.95
Personal Whatchamacallit,Beauty,74.95
Movie Mechanism,Entertainment,47.99
Dining Gizmo,Home,103
Game Kit,Entertainment,179
Beach Item,Activity,126.95
Biking Thingamajig,Activity,32.99
Skin Care Implement,Beauty,113.99
Dining Widget,Home,54.95
Beach Supplies,Activity,126
Technology Item,Electronics,34
Camping Implement,Activity,131.99
Bedding Implement,Home,62.95
Sports Component,Activity,135
First Aid Widget,Health,67.95
Music Machine,Entertainment,93.95
Music Mechanism,Entertainment,36
First Aid Device,Health,66.99
Makeup Contraption,Beauty,13.99
Tire Contraption,Automotive,135.95
Music Gear,Entertainment,78
Beach Machine,Activity,62
Home Improvement Implement,Home,148.95
Cooking Gear,Home,118.99
Book Attachment,Entertainment,160
Book Widget,Entertainment,119.95
Bath Implement,Beauty,195
Phone Thingamajig,Electronics,126.95
Gardening Tool,Home,105.99
Tire Kit,Automotive,94
Cat Thingamajig,Pets,158
Mens Tool,Clothing,103
Computer Gear,Electronics,195
Phone Contraption,Electronics,120.95
Cat Kit,Pets,35.95
Mens Contraption,Clothing,12.95
Toy Implement,Entertainment,129.99
Bath Doodad,Beauty,33.99
Womens Device,Clothing,137.99
Tire Implement,Automotive,148
Technology Attachment,Electronics,155
Camera Kit,Electronics,44
Book Attachment,Entertainment,70
Camera Mechanism,Electronics,104.95
Furniture Tool,Home,51
Nutrition Tool,Health,71.95
Furniture Equipment,Home,86
Computer Thingamajig,Electronics,164
Camping Component,Activity,181
Cooking Tool,Home,18.99
Storage Attachment,Home,151.99
Camera Equipment,Electronics,70.95
Aquarium Gadget,Pets,123.99
Tire Accessory,Automotive,187.99
Makeup Mechanism,Beauty,177.99
Nutrition Widget,Health,182.95
Tire Rig,Automotive,91.99
Camping Tool,Activity,182.99
Beach Contraption,Activity,44.95
Baby Tool,Clothing,33.99
Storage Apparatus,Home,179
Home Improvement Device,Home,56
Vitamin Widget,Health,80.95
Baby Instrument,Clothing,110.99
Furniture Rig,Home,49.95
Dog Attachment,Pets,29.99
Tire Gear,Automotive,98.99
Swimming Equipment,Activity,54
Phone Doodad,Electronics,160.95
Dining Apparatus,Home,139.99
Toy Gear,Entertainment,89.99
Skin Care Kit,Beauty,66
Bath Tool,Beauty,196.95
Tire Thingamajig,Automotive,62.99
Nutrition Whatchamacallit,Health,151.99
Baby Mechanism,Clothing,69.99
Bedding Component,Home,128.95
Tire Mechanism,Automotive,98.95
Womens Supplies,Clothing,79.95
Car Supplies,Automotive,144
Music Kit,Entertainment,29.99
Cooking Device,Home,46
Jewelry Device,Clothing,170.99
Engine Kit,Automotive,89.95
Biking Component,Activity,36.95
Tire Item,Automotive,175.95
Furniture Rig,Home,84
